timestamp,episode,coder_version,breaker_tier,avg_coder_reward,avg_breaker_reward,avg_pass_rate,total_fail_count,total_error_count,total_timeout_count,avg_break_rate,steps
2026-04-25T08:42:22.041578,1,improving_coder,1,5.0,-1.2,1.0,0,0,0,0.0,3
2026-04-25T08:42:31.074377,1,weak_coder_v2,1,-1.0,-1.2,0.2,12,0,0,0.0,3
2026-04-25T09:43:28.265259,1,improving_coder,2,-4.5,6.4,0.0,0,15,0,1.0,3
2026-04-25T09:44:04.602468,1,improving_coder,1,5.5,-1.2,1.0,0,0,0,0.0,3
2026-04-25T09:44:29.064947,1,improving_coder,1,5.5,-1.2,1.0,0,0,0,0.0,3
2026-04-25T10:00:19.492464,1,improving_coder,1,5.5,-1.2,1.0,0,0,0,0.0,3
2026-04-25T10:00:33.700123,1,heuristic,1,5.5,-1.2,1.0,0,0,0,0.0,3
2026-04-25T10:01:02.949048,1,improving_coder,1,5.5,-1.2,1.0,0,0,0,0.0,3
2026-04-25T11:52:04.452504,1,improving_coder,1,5.5,-1.2,1.0,0,0,0,0.0,3
2026-04-25T11:52:29.036540,1,mock,1,5.5,-1.2,1.0,0,0,0,0.0,3
2026-04-25T11:52:35.307537,2,mock,1,5.5,-1.2,1.0,0,0,0,0.0,3
2026-04-25T11:52:41.490539,3,mock,1,5.5,-1.2,1.0,0,0,0,0.0,3
2026-04-25T11:52:47.643545,4,mock,1,5.5,-1.2,1.0,0,0,0,0.0,3
2026-04-25T11:52:54.049883,5,mock,1,5.5,-1.2,1.0,0,0,0,0.0,3
2026-04-25T11:53:00.380297,6,mock,1,5.5,-1.2,1.0,0,0,0,0.0,3
2026-04-25T11:53:07.218812,7,mock,1,5.5,-1.2,1.0,0,0,0,0.0,3
2026-04-25T11:53:14.664649,8,mock,1,5.5,-1.2,1.0,0,0,0,0.0,3
2026-04-25T11:53:21.451645,9,mock,1,5.5,-1.2,1.0,0,0,0,0.0,3
2026-04-25T11:53:28.256746,10,mock,1,5.5,-1.2,1.0,0,0,0,0.0,3
2026-04-25T11:53:34.720330,11,mock,1,5.5,-1.2,1.0,0,0,0,0.0,3
2026-04-25T11:53:41.460468,12,mock,1,5.5,-1.2,1.0,0,0,0,0.0,3
2026-04-25T11:53:47.959166,13,mock,1,5.5,-1.2,1.0,0,0,0,0.0,3
2026-04-25T11:53:54.248311,14,mock,1,5.5,-1.2,1.0,0,0,0,0.0,3
2026-04-25T11:54:00.510285,15,mock,1,5.5,-1.2,1.0,0,0,0,0.0,3
2026-04-25T11:54:06.826080,16,mock,1,5.5,-1.2,1.0,0,0,0,0.0,3
2026-04-25T11:54:13.162272,17,mock,1,5.5,-1.2,1.0,0,0,0,0.0,3
2026-04-25T11:54:19.422556,18,mock,1,5.5,-1.2,1.0,0,0,0,0.0,3
2026-04-25T11:54:25.595175,19,mock,1,5.5,-1.2,1.0,0,0,0,0.0,3
2026-04-25T11:54:31.903770,20,mock,1,5.5,-1.2,1.0,0,0,0,0.0,3
2026-04-25T11:54:42.579249,1,heuristic,1,5.5,-1.2,1.0,0,0,0,0.0,3
2026-04-25T11:54:49.242257,2,heuristic,1,5.5,-1.2,1.0,0,0,0,0.0,3
2026-04-25T11:54:55.951947,3,heuristic,1,5.5,-1.2,1.0,0,0,0,0.0,3
2026-04-25T11:55:03.553540,4,heuristic,1,5.5,-1.2,1.0,0,0,0,0.0,3
2026-04-25T11:55:10.747312,5,heuristic,1,5.5,-1.2,1.0,0,0,0,0.0,3
2026-04-25T11:55:18.383113,6,heuristic,1,5.5,-1.2,1.0,0,0,0,0.0,3
2026-04-25T11:55:25.157078,7,heuristic,1,5.5,-1.2,1.0,0,0,0,0.0,3
2026-04-25T11:55:32.149408,8,heuristic,1,5.5,-1.2,1.0,0,0,0,0.0,3
2026-04-25T11:55:39.835520,9,heuristic,1,5.5,-1.2,1.0,0,0,0,0.0,3
2026-04-25T11:55:47.098823,10,heuristic,1,5.5,-1.2,1.0,0,0,0,0.0,3
2026-04-25T11:55:54.462646,11,heuristic,1,5.5,-1.2,1.0,0,0,0,0.0,3
2026-04-25T11:56:01.238309,12,heuristic,1,5.5,-1.2,1.0,0,0,0,0.0,3
2026-04-25T11:56:08.353951,13,heuristic,1,5.5,-1.2,1.0,0,0,0,0.0,3
2026-04-25T11:56:15.736044,14,heuristic,1,5.5,-1.2,1.0,0,0,0,0.0,3
2026-04-25T11:56:23.180555,15,heuristic,1,5.5,-1.2,1.0,0,0,0,0.0,3
2026-04-25T11:56:31.551894,16,heuristic,1,5.5,-1.2,1.0,0,0,0,0.0,3
2026-04-25T11:56:39.350965,17,heuristic,1,5.5,-1.2,1.0,0,0,0,0.0,3
2026-04-25T11:56:46.578104,18,heuristic,1,5.5,-1.2,1.0,0,0,0,0.0,3
2026-04-25T11:56:54.077870,19,heuristic,1,5.5,-1.2,1.0,0,0,0,0.0,3
2026-04-25T11:57:01.307351,20,heuristic,1,5.5,-1.2,1.0,0,0,0,0.0,3
2026-04-25T11:57:09.993441,1,mock,1,5.5,-1.2,1.0,0,0,0,0.0,3
2026-04-25T11:57:17.594820,2,mock,1,5.5,-1.2,1.0,0,0,0,0.0,3
2026-04-25T11:57:24.739878,3,mock,1,5.5,-1.2,1.0,0,0,0,0.0,3
2026-04-25T11:57:33.654636,4,mock,1,5.5,-1.2,1.0,0,0,0,0.0,3
2026-04-25T11:57:43.680298,5,mock,1,5.5,-1.2,1.0,0,0,0,0.0,3
2026-04-25T11:57:50.905298,6,mock,1,5.5,-1.2,1.0,0,0,0,0.0,3
2026-04-25T11:58:00.047272,7,mock,1,5.5,-1.2,1.0,0,0,0,0.0,3
2026-04-25T11:58:09.311000,8,mock,1,5.5,-1.2,1.0,0,0,0,0.0,3
2026-04-25T11:58:16.671985,9,mock,1,5.5,-1.2,1.0,0,0,0,0.0,3
2026-04-25T11:58:25.354055,10,mock,1,5.5,-1.2,1.0,0,0,0,0.0,3
2026-04-25T11:58:35.165538,11,mock,1,5.5,-1.2,1.0,0,0,0,0.0,3
2026-04-25T11:58:43.173222,12,mock,1,5.5,-1.2,1.0,0,0,0,0.0,3
2026-04-25T11:58:53.668944,13,mock,1,5.5,-1.2,1.0,0,0,0,0.0,3
2026-04-25T11:59:02.797715,14,mock,1,5.5,-1.2,1.0,0,0,0,0.0,3
2026-04-25T11:59:12.885980,15,mock,1,5.5,-1.2,1.0,0,0,0,0.0,3
2026-04-25T11:59:23.677955,16,mock,1,5.5,-1.2,1.0,0,0,0,0.0,3
2026-04-25T11:59:32.708175,17,mock,1,5.5,-1.2,1.0,0,0,0,0.0,3
2026-04-25T11:59:40.493890,18,mock,1,5.5,-1.2,1.0,0,0,0,0.0,3
2026-04-25T11:59:51.415698,19,mock,1,5.5,-1.2,1.0,0,0,0,0.0,3
2026-04-25T11:59:59.386633,20,mock,1,5.5,-1.2,1.0,0,0,0,0.0,3
2026-04-25T12:00:30.913319,1,improving_coder,1,5.5,-1.2,1.0,0,0,0,0.0,3
2026-04-25T12:04:06.210145,1,improving_coder,1,5.5,-1.2,1.0,0,0,0,0.0,3
2026-04-25T12:11:39.106346,1,heuristic,1,8.5,-0.9,1.0,0,0,0,0.0,3
2026-04-25T12:11:47.321501,2,heuristic,1,8.5,-0.9,1.0,0,0,0,0.0,3
2026-04-25T12:11:53.900246,3,heuristic,1,8.5,-0.9,1.0,0,0,0,0.0,3
2026-04-25T12:12:00.616287,4,heuristic,3,-1.75,0.6,0.2,12,0,0,0.3333,3
2026-04-25T12:12:16.057785,5,heuristic,4,0.5,14.45,0.4,9,0,0,0.6417,3
2026-04-25T12:12:24.883758,6,heuristic,4,0.0,10.1667,0.4,9,0,0,0.4667,3
2026-04-25T12:12:37.061989,7,heuristic,4,8.5,-5.7,1.0,0,0,0,0.0,3
2026-04-25T12:12:46.700836,8,heuristic,4,8.5,-5.7,1.0,0,0,0,0.0,3
2026-04-25T12:12:56.569230,9,heuristic,4,8.5,-5.7,1.0,0,0,0,0.0,3
2026-04-25T12:13:04.683744,10,heuristic,4,8.5,-5.7,1.0,0,0,0,0.0,3
2026-04-25T12:13:12.620712,11,heuristic,4,8.5,-5.7,1.0,0,0,0,0.0,3
2026-04-25T12:13:20.519844,12,heuristic,4,8.5,-5.7,1.0,0,0,0,0.0,3
2026-04-25T12:13:28.970002,13,heuristic,4,8.5,-5.7,1.0,0,0,0,0.0,3
2026-04-25T12:13:39.129848,14,heuristic,4,8.5,-5.7,1.0,0,0,0,0.0,3
2026-04-25T12:13:48.739172,15,heuristic,4,8.5,-5.7,1.0,0,0,0,0.0,3
2026-04-25T12:13:58.260968,16,heuristic,4,8.5,-5.7,1.0,0,0,0,0.0,3
2026-04-25T12:14:06.583949,17,heuristic,4,8.5,-5.7,1.0,0,0,0,0.0,3
2026-04-25T12:14:14.669906,18,heuristic,4,8.5,-5.7,1.0,0,0,0,0.0,3
2026-04-25T12:14:22.788836,19,heuristic,4,8.5,-5.7,1.0,0,0,0,0.0,3
2026-04-25T12:14:31.015151,20,heuristic,4,8.5,-5.7,1.0,0,0,0,0.0,3
2026-04-25T12:14:38.840931,1,mock,1,8.5,-0.9,1.0,0,0,0,0.0,3
2026-04-25T12:14:44.668744,2,mock,1,8.5,-0.9,1.0,0,0,0,0.0,3
2026-04-25T12:14:51.416255,3,mock,1,8.5,-0.9,1.0,0,0,0,0.0,3
2026-04-25T12:14:58.098050,4,mock,1,8.5,-0.9,1.0,0,0,0,0.0,3
2026-04-25T12:15:04.327068,5,mock,1,8.5,-0.9,1.0,0,0,0,0.0,3
2026-04-25T12:15:10.308516,6,mock,1,8.5,-0.9,1.0,0,0,0,0.0,3
2026-04-25T12:15:16.424831,7,mock,1,8.5,-0.9,1.0,0,0,0,0.0,3
2026-04-25T12:15:22.759792,8,mock,1,8.5,-0.9,1.0,0,0,0,0.0,3
2026-04-25T12:15:29.090477,9,mock,1,8.5,-0.9,1.0,0,0,0,0.0,3
2026-04-25T12:15:36.420154,10,mock,1,8.5,-0.9,1.0,0,0,0,0.0,3
2026-04-25T12:15:44.073072,11,mock,1,8.5,-0.9,1.0,0,0,0,0.0,3
2026-04-25T12:15:51.214262,12,mock,1,8.5,-0.9,1.0,0,0,0,0.0,3
2026-04-25T12:15:57.657075,13,mock,1,8.5,-0.9,1.0,0,0,0,0.0,3
2026-04-25T12:16:04.032747,14,mock,1,8.5,-0.9,1.0,0,0,0,0.0,3
2026-04-25T12:16:10.110578,15,mock,1,8.5,-0.9,1.0,0,0,0,0.0,3
2026-04-25T12:16:16.369211,16,mock,1,8.5,-0.9,1.0,0,0,0,0.0,3
2026-04-25T12:16:22.512834,17,mock,1,8.5,-0.9,1.0,0,0,0,0.0,3
2026-04-25T12:16:28.964031,18,mock,1,8.5,-0.9,1.0,0,0,0,0.0,3
2026-04-25T12:16:35.980412,19,mock,1,8.5,-0.9,1.0,0,0,0,0.0,3
2026-04-25T12:16:42.728785,20,mock,1,8.5,-0.9,1.0,0,0,0,0.0,3
2026-04-25T12:17:09.848253,1,heuristic,1,8.0,-0.9,1.0,0,0,0,0.0,3
2026-04-25T12:17:15.969848,2,heuristic,1,8.0,-0.9,1.0,0,0,0,0.0,3
2026-04-25T12:17:22.437674,3,heuristic,1,8.0,-0.9,1.0,0,0,0,0.0,3
2026-04-25T12:17:28.802607,4,heuristic,3,0.75,0.8,0.4,9,0,0,0.3333,3
2026-04-25T12:17:38.006364,5,heuristic,4,3.0,10.4167,0.6,6,0,0,0.45,3
2026-04-25T12:17:46.535476,6,heuristic,4,0.75,9.0333,0.4,9,0,0,0.4,3
2026-04-25T12:17:55.256575,7,heuristic,4,8.0,-5.7,1.0,0,0,0,0.0,3
2026-04-25T12:18:07.365485,8,heuristic,4,8.0,-5.7,1.0,0,0,0,0.0,3
2026-04-25T12:18:18.462150,9,heuristic,4,8.0,-5.7,1.0,0,0,0,0.0,3
2026-04-25T12:18:26.782066,10,heuristic,4,8.0,-5.7,1.0,0,0,0,0.0,3
2026-04-25T12:18:35.544566,11,heuristic,4,8.0,-5.7,1.0,0,0,0,0.0,3
2026-04-25T12:18:43.717915,12,heuristic,4,8.0,-5.7,1.0,0,0,0,0.0,3
2026-04-25T12:18:54.638876,13,heuristic,4,8.0,-5.7,1.0,0,0,0,0.0,3
2026-04-25T12:19:07.089781,14,heuristic,4,8.0,-5.7,1.0,0,0,0,0.0,3
2026-04-25T12:19:17.568466,15,heuristic,4,8.0,-5.7,1.0,0,0,0,0.0,3
2026-04-25T12:19:26.018486,16,heuristic,4,8.0,-5.7,1.0,0,0,0,0.0,3
2026-04-25T12:19:35.156644,17,heuristic,4,8.0,-5.7,1.0,0,0,0,0.0,3
2026-04-25T12:19:44.070527,18,heuristic,4,8.0,-5.7,1.0,0,0,0,0.0,3
2026-04-25T12:19:53.582946,19,heuristic,4,8.0,-5.7,1.0,0,0,0,0.0,3
2026-04-25T12:20:01.942607,20,heuristic,4,8.0,-5.7,1.0,0,0,0,0.0,3
2026-04-25T12:20:10.358257,1,mock,1,8.0,-0.9,1.0,0,0,0,0.0,3
2026-04-25T12:20:17.031744,2,mock,1,8.0,-0.9,1.0,0,0,0,0.0,3
2026-04-25T12:20:23.318617,3,mock,1,8.0,-0.9,1.0,0,0,0,0.0,3
2026-04-25T12:20:29.918764,4,mock,1,8.0,-0.9,1.0,0,0,0,0.0,3
2026-04-25T12:20:36.707772,5,mock,1,8.0,-0.9,1.0,0,0,0,0.0,3
2026-04-25T12:20:43.622876,6,mock,1,8.0,-0.9,1.0,0,0,0,0.0,3
2026-04-25T12:20:50.277407,7,mock,1,8.0,-0.9,1.0,0,0,0,0.0,3
2026-04-25T12:20:57.123038,8,mock,1,8.0,-0.9,1.0,0,0,0,0.0,3
2026-04-25T12:21:04.011709,9,mock,1,8.0,-0.9,1.0,0,0,0,0.0,3
2026-04-25T12:21:12.320334,10,mock,1,8.0,-0.9,1.0,0,0,0,0.0,3
2026-04-25T12:21:19.938257,11,mock,1,8.0,-0.9,1.0,0,0,0,0.0,3
2026-04-25T12:21:26.774741,12,mock,1,8.0,-0.9,1.0,0,0,0,0.0,3
2026-04-25T12:21:33.167140,13,mock,1,8.0,-0.9,1.0,0,0,0,0.0,3
2026-04-25T12:21:40.053896,14,mock,1,8.0,-0.9,1.0,0,0,0,0.0,3
2026-04-25T12:21:46.471222,15,mock,1,8.0,-0.9,1.0,0,0,0,0.0,3
2026-04-25T12:21:54.964512,16,mock,1,8.0,-0.9,1.0,0,0,0,0.0,3
2026-04-25T12:22:02.044902,17,mock,1,8.0,-0.9,1.0,0,0,0,0.0,3
2026-04-25T12:22:08.443791,18,mock,1,8.0,-0.9,1.0,0,0,0,0.0,3
2026-04-25T12:22:16.127094,19,mock,1,8.0,-0.9,1.0,0,0,0,0.0,3
2026-04-25T12:22:23.183712,20,mock,1,8.0,-0.9,1.0,0,0,0,0.0,3
2026-04-25T13:24:30.521880,1,heuristic,1,13.0,-1.2,1.0,0,0,0,0.0,3
2026-04-25T13:24:34.392867,2,heuristic,1,13.0,-1.2,1.0,0,0,0,0.0,3
2026-04-25T13:24:38.505145,3,heuristic,1,13.0,-1.2,1.0,0,0,0,0.0,3
2026-04-25T13:24:42.786692,4,heuristic,4,-1.0,8.8167,0.4,9,0,0,0.3333,3
2026-04-25T13:24:49.328970,5,heuristic,4,-1.0,25.7333,0.4,9,0,0,0.4667,3
2026-04-25T13:24:54.583350,6,heuristic,4,-1.0,18.9333,0.4,9,0,0,0.3667,3
2026-04-25T13:25:01.422051,7,heuristic,4,13.0,-11.1,1.0,0,0,0,0.0,3
2026-04-25T13:25:06.743235,8,heuristic,4,13.0,-11.1,1.0,0,0,0,0.0,3
2026-04-25T13:25:11.944406,9,heuristic,4,13.0,-11.1,1.0,0,0,0,0.0,3
2026-04-25T13:25:17.219087,10,heuristic,4,13.0,-11.1,1.0,0,0,0,0.0,3
2026-04-25T13:25:22.691619,11,heuristic,4,13.0,-11.1,1.0,0,0,0,0.0,3
2026-04-25T13:25:28.045230,12,heuristic,4,13.0,-11.1,1.0,0,0,0,0.0,3
2026-04-25T13:25:33.496293,13,heuristic,4,13.0,-11.1,1.0,0,0,0,0.0,3
2026-04-25T13:25:39.277790,14,heuristic,4,13.0,-11.1,1.0,0,0,0,0.0,3
2026-04-25T13:25:44.555232,15,heuristic,4,13.0,-11.1,1.0,0,0,0,0.0,3
2026-04-25T13:25:49.839822,16,heuristic,4,13.0,-11.1,1.0,0,0,0,0.0,3
2026-04-25T13:25:55.878487,17,heuristic,4,13.0,-11.1,1.0,0,0,0,0.0,3
2026-04-25T13:26:01.677933,18,heuristic,4,13.0,-11.1,1.0,0,0,0,0.0,3
2026-04-25T13:26:07.129859,19,heuristic,4,13.0,-11.1,1.0,0,0,0,0.0,3
2026-04-25T13:26:13.077818,20,heuristic,4,13.0,-11.1,1.0,0,0,0,0.0,3
2026-04-25T13:26:20.894606,1,mock,1,13.0,-1.2,1.0,0,0,0,0.0,3
2026-04-25T13:26:25.024167,2,mock,1,13.0,-1.2,1.0,0,0,0,0.0,3
2026-04-25T13:26:29.226715,3,mock,1,13.0,-1.2,1.0,0,0,0,0.0,3
2026-04-25T13:26:33.355080,4,mock,1,13.0,-1.2,1.0,0,0,0,0.0,3
2026-04-25T13:26:37.960835,5,mock,1,13.0,-1.2,1.0,0,0,0,0.0,3
2026-04-25T13:26:41.909102,6,mock,1,13.0,-1.2,1.0,0,0,0,0.0,3
2026-04-25T13:26:46.571207,7,mock,1,13.0,-1.2,1.0,0,0,0,0.0,3
2026-04-25T13:26:50.476289,8,mock,1,13.0,-1.2,1.0,0,0,0,0.0,3
2026-04-25T13:26:54.795242,9,mock,1,13.0,-1.2,1.0,0,0,0,0.0,3
2026-04-25T13:26:58.085799,10,mock,1,13.0,-1.2,1.0,0,0,0,0.0,3
2026-04-25T13:27:01.289630,11,mock,1,13.0,-1.2,1.0,0,0,0,0.0,3
2026-04-25T13:27:04.921684,12,mock,1,13.0,-1.2,1.0,0,0,0,0.0,3
2026-04-25T13:27:08.188567,13,mock,1,13.0,-1.2,1.0,0,0,0,0.0,3
2026-04-25T13:27:11.466703,14,mock,1,13.0,-1.2,1.0,0,0,0,0.0,3
2026-04-25T13:27:14.764164,15,mock,1,13.0,-1.2,1.0,0,0,0,0.0,3
2026-04-25T13:27:17.970125,16,mock,1,13.0,-1.2,1.0,0,0,0,0.0,3
2026-04-25T13:27:21.258257,17,mock,1,13.0,-1.2,1.0,0,0,0,0.0,3
2026-04-25T13:27:24.613400,18,mock,1,13.0,-1.2,1.0,0,0,0,0.0,3
2026-04-25T13:27:27.931977,19,mock,1,13.0,-1.2,1.0,0,0,0,0.0,3
2026-04-25T13:27:31.224087,20,mock,1,13.0,-1.2,1.0,0,0,0,0.0,3
2026-04-25T13:28:24.810191,1,heuristic,1,13.0,-1.2,1.0,0,0,0,0.0,3
2026-04-25T13:28:28.611786,2,heuristic,1,13.0,-1.2,1.0,0,0,0,0.0,3
2026-04-25T13:28:32.455885,3,heuristic,1,13.0,-1.2,1.0,0,0,0,0.0,3
2026-04-25T13:28:36.934124,4,heuristic,4,-1.0,5.1333,0.4,9,0,0,0.2667,3
2026-04-25T13:28:42.548849,5,heuristic,4,-1.0,27.7167,0.4,9,0,0,0.5333,3
2026-04-25T13:28:47.850080,6,heuristic,4,-1.0,26.0167,0.4,9,0,0,0.5333,3
2026-04-25T13:28:53.665054,7,heuristic,4,13.0,-11.1,1.0,0,0,0,0.0,3
2026-04-25T13:29:00.385456,8,heuristic,4,13.0,-11.1,1.0,0,0,0,0.0,3
2026-04-25T13:29:05.334780,9,heuristic,4,13.0,-11.1,1.0,0,0,0,0.0,3
2026-04-25T13:29:10.251980,10,heuristic,4,13.0,-11.1,1.0,0,0,0,0.0,3
2026-04-25T13:29:15.945685,11,heuristic,4,13.0,-11.1,1.0,0,0,0,0.0,3
2026-04-25T13:29:23.978973,12,heuristic,4,13.0,-11.1,1.0,0,0,0,0.0,3
2026-04-25T13:29:32.213203,13,heuristic,4,13.0,-11.1,1.0,0,0,0,0.0,3
2026-04-25T13:29:39.639687,14,heuristic,4,13.0,-11.1,1.0,0,0,0,0.0,3
2026-04-25T13:29:47.783839,15,heuristic,4,13.0,-11.1,1.0,0,0,0,0.0,3
2026-04-25T13:29:53.368094,16,heuristic,4,13.0,-11.1,1.0,0,0,0,0.0,3
2026-04-25T13:29:59.952061,17,heuristic,4,13.0,-11.1,1.0,0,0,0,0.0,3
2026-04-25T13:30:06.545611,18,heuristic,4,13.0,-11.1,1.0,0,0,0,0.0,3
2026-04-25T13:30:13.916065,19,heuristic,4,13.0,-11.1,1.0,0,0,0,0.0,3
2026-04-25T13:30:20.247451,20,heuristic,4,13.0,-11.1,1.0,0,0,0,0.0,3
2026-04-25T13:30:27.644869,1,mock,1,13.0,-1.2,1.0,0,0,0,0.0,3
2026-04-25T13:30:33.090914,2,mock,1,13.0,-1.2,1.0,0,0,0,0.0,3
2026-04-25T13:30:37.315480,3,mock,1,13.0,-1.2,1.0,0,0,0,0.0,3
2026-04-25T13:30:41.779176,4,mock,1,13.0,-1.2,1.0,0,0,0,0.0,3
2026-04-25T13:30:46.612339,5,mock,1,13.0,-1.2,1.0,0,0,0,0.0,3
2026-04-25T13:30:51.303108,6,mock,1,13.0,-1.2,1.0,0,0,0,0.0,3
2026-04-25T13:30:55.710102,7,mock,1,13.0,-1.2,1.0,0,0,0,0.0,3
2026-04-25T13:31:00.602293,8,mock,1,13.0,-1.2,1.0,0,0,0,0.0,3
2026-04-25T13:31:04.290368,9,mock,1,13.0,-1.2,1.0,0,0,0,0.0,3
2026-04-25T13:31:08.987253,10,mock,1,13.0,-1.2,1.0,0,0,0,0.0,3
2026-04-25T13:31:12.991923,11,mock,1,13.0,-1.2,1.0,0,0,0,0.0,3
2026-04-25T13:31:17.056036,12,mock,1,13.0,-1.2,1.0,0,0,0,0.0,3
2026-04-25T13:31:22.749308,13,mock,1,13.0,-1.2,1.0,0,0,0,0.0,3
2026-04-25T13:31:27.211133,14,mock,1,13.0,-1.2,1.0,0,0,0,0.0,3
2026-04-25T13:31:31.150388,15,mock,1,13.0,-1.2,1.0,0,0,0,0.0,3
2026-04-25T13:31:35.196221,16,mock,1,13.0,-1.2,1.0,0,0,0,0.0,3
2026-04-25T13:31:39.117507,17,mock,1,13.0,-1.2,1.0,0,0,0,0.0,3
2026-04-25T13:31:43.437491,18,mock,1,13.0,-1.2,1.0,0,0,0,0.0,3
2026-04-25T13:31:47.546484,19,mock,1,13.0,-1.2,1.0,0,0,0,0.0,3
2026-04-25T13:31:52.181900,20,mock,1,13.0,-1.2,1.0,0,0,0,0.0,3
2026-04-25T13:35:51.419451,1,heuristic,1,13.0,-1.2,1.0,0,0,0,0.0,3
2026-04-25T13:35:59.143046,2,heuristic,1,13.0,-1.2,1.0,0,0,0,0.0,3
2026-04-25T13:36:06.106256,3,heuristic,1,13.0,-1.2,1.0,0,0,0,0.0,3
2026-04-25T13:36:13.706267,4,heuristic,4,-1.0,10.2333,0.4,9,0,0,0.3667,3
2026-04-25T13:36:21.762960,5,heuristic,4,0.5,33.1,0.4,9,0,0,0.6,3
2026-04-25T13:36:29.917037,6,heuristic,4,-1.0,38.2,0.4,9,0,0,0.7,3
2026-04-25T13:36:38.699744,7,heuristic,4,13.0,-11.1,1.0,0,0,0,0.0,3
2026-04-25T13:36:46.709363,8,heuristic,4,13.0,-11.1,1.0,0,0,0,0.0,3
2026-04-25T13:36:55.069620,9,heuristic,4,13.0,-11.1,1.0,0,0,0,0.0,3
2026-04-25T13:37:04.671104,10,heuristic,4,13.0,-11.1,1.0,0,0,0,0.0,3
2026-04-25T13:37:14.034986,11,heuristic,4,13.0,-11.1,1.0,0,0,0,0.0,3
2026-04-25T13:37:23.456013,12,heuristic,4,13.0,-11.1,1.0,0,0,0,0.0,3
2026-04-25T13:37:30.920138,13,heuristic,4,13.0,-11.1,1.0,0,0,0,0.0,3
2026-04-25T13:37:38.179839,14,heuristic,4,13.0,-11.1,1.0,0,0,0,0.0,3
2026-04-25T13:37:46.346845,15,heuristic,4,13.0,-11.1,1.0,0,0,0,0.0,3
2026-04-25T13:37:54.552578,16,heuristic,4,13.0,-11.1,1.0,0,0,0,0.0,3
2026-04-25T13:38:05.698953,17,heuristic,4,13.0,-11.1,1.0,0,0,0,0.0,3
2026-04-25T13:38:12.678143,18,heuristic,4,13.0,-11.1,1.0,0,0,0,0.0,3
2026-04-25T13:38:20.126811,19,heuristic,4,13.0,-11.1,1.0,0,0,0,0.0,3
2026-04-25T13:38:27.483210,20,heuristic,4,13.0,-11.1,1.0,0,0,0,0.0,3
2026-04-25T13:38:34.581326,1,mock,1,13.0,-1.2,1.0,0,0,0,0.0,3
2026-04-25T13:38:40.943702,2,mock,1,13.0,-1.2,1.0,0,0,0,0.0,3
2026-04-25T13:38:47.136985,3,mock,1,13.0,-1.2,1.0,0,0,0,0.0,3
2026-04-25T13:38:53.502841,4,mock,1,13.0,-1.2,1.0,0,0,0,0.0,3
2026-04-25T13:38:59.467072,5,mock,1,13.0,-1.2,1.0,0,0,0,0.0,3
2026-04-25T13:39:05.364135,6,mock,1,13.0,-1.2,1.0,0,0,0,0.0,3
2026-04-25T13:39:10.745090,7,mock,1,13.0,-1.2,1.0,0,0,0,0.0,3
2026-04-25T13:39:16.744742,8,mock,1,13.0,-1.2,1.0,0,0,0,0.0,3
2026-04-25T13:39:22.693478,9,mock,1,13.0,-1.2,1.0,0,0,0,0.0,3
2026-04-25T13:39:28.388213,10,mock,1,13.0,-1.2,1.0,0,0,0,0.0,3
2026-04-25T13:39:35.204995,11,mock,1,13.0,-1.2,1.0,0,0,0,0.0,3
2026-04-25T13:39:42.578910,12,mock,1,13.0,-1.2,1.0,0,0,0,0.0,3
2026-04-25T13:39:49.236226,13,mock,1,13.0,-1.2,1.0,0,0,0,0.0,3
2026-04-25T13:39:55.904239,14,mock,1,13.0,-1.2,1.0,0,0,0,0.0,3
2026-04-25T13:40:03.592650,15,mock,1,13.0,-1.2,1.0,0,0,0,0.0,3
2026-04-25T13:40:10.142233,16,mock,1,13.0,-1.2,1.0,0,0,0,0.0,3
2026-04-25T13:40:17.747005,17,mock,1,13.0,-1.2,1.0,0,0,0,0.0,3
2026-04-25T13:40:25.868302,18,mock,1,13.0,-1.2,1.0,0,0,0,0.0,3
2026-04-25T13:40:34.219124,19,mock,1,13.0,-1.2,1.0,0,0,0,0.0,3
2026-04-25T13:40:41.227526,20,mock,1,13.0,-1.2,1.0,0,0,0,0.0,3
2026-04-25T13:41:10.325248,1,heuristic,1,13.0,-1.2,1.0,0,0,0,0.0,3
2026-04-25T13:41:16.918070,2,heuristic,1,13.0,-1.2,1.0,0,0,0,0.0,3
2026-04-25T13:41:23.153864,3,heuristic,1,13.0,-1.2,1.0,0,0,0,0.0,3
2026-04-25T13:41:30.326759,4,heuristic,4,-0.25,13.6333,0.4,9,0,0,0.3667,3
2026-04-25T13:41:39.048466,5,heuristic,4,2.75,35.7667,0.6,6,0,0,0.5667,3
2026-04-25T13:41:48.069977,6,heuristic,4,-0.25,34.5167,0.4,9,0,0,0.6333,3
2026-04-25T13:41:57.677703,7,heuristic,4,13.0,-11.1,1.0,0,0,0,0.0,3
2026-04-25T13:42:12.662915,8,heuristic,4,13.0,-11.1,1.0,0,0,0,0.0,3
2026-04-25T13:42:22.057307,9,heuristic,4,13.0,-11.1,1.0,0,0,0,0.0,3
2026-04-25T13:42:32.473459,10,heuristic,4,13.0,-11.1,1.0,0,0,0,0.0,3
2026-04-25T13:42:42.428029,11,heuristic,4,13.0,-11.1,1.0,0,0,0,0.0,3
2026-04-25T13:42:50.639759,12,heuristic,4,13.0,-11.1,1.0,0,0,0,0.0,3
2026-04-25T13:42:58.629507,13,heuristic,4,13.0,-11.1,1.0,0,0,0,0.0,3
2026-04-25T13:43:06.710790,14,heuristic,4,13.0,-11.1,1.0,0,0,0,0.0,3
2026-04-25T13:43:15.667654,15,heuristic,4,13.0,-11.1,1.0,0,0,0,0.0,3
2026-04-25T13:43:23.536720,16,heuristic,4,13.0,-11.1,1.0,0,0,0,0.0,3
2026-04-25T13:43:31.254309,17,heuristic,4,13.0,-11.1,1.0,0,0,0,0.0,3
2026-04-25T13:43:39.368942,18,heuristic,4,13.0,-11.1,1.0,0,0,0,0.0,3
2026-04-25T13:43:47.148020,19,heuristic,4,13.0,-11.1,1.0,0,0,0,0.0,3
2026-04-25T13:43:55.020920,20,heuristic,4,13.0,-11.1,1.0,0,0,0,0.0,3
2026-04-25T13:44:02.636071,1,mock,1,13.0,-1.2,1.0,0,0,0,0.0,3
2026-04-25T13:44:09.278890,2,mock,1,13.0,-1.2,1.0,0,0,0,0.0,3
2026-04-25T13:44:15.312047,3,mock,1,13.0,-1.2,1.0,0,0,0,0.0,3
2026-04-25T13:44:21.237789,4,mock,1,13.0,-1.2,1.0,0,0,0,0.0,3
2026-04-25T13:44:27.263231,5,mock,1,13.0,-1.2,1.0,0,0,0,0.0,3
2026-04-25T13:44:33.246738,6,mock,1,13.0,-1.2,1.0,0,0,0,0.0,3
2026-04-25T13:44:39.690541,7,mock,1,13.0,-1.2,1.0,0,0,0,0.0,3
2026-04-25T13:44:45.661264,8,mock,1,13.0,-1.2,1.0,0,0,0,0.0,3
2026-04-25T13:44:51.505218,9,mock,1,13.0,-1.2,1.0,0,0,0,0.0,3
2026-04-25T13:44:57.492293,10,mock,1,13.0,-1.2,1.0,0,0,0,0.0,3
2026-04-25T13:45:03.344666,11,mock,1,13.0,-1.2,1.0,0,0,0,0.0,3
2026-04-25T13:45:09.445193,12,mock,1,13.0,-1.2,1.0,0,0,0,0.0,3
2026-04-25T13:45:15.431327,13,mock,1,13.0,-1.2,1.0,0,0,0,0.0,3
2026-04-25T13:45:21.354363,14,mock,1,13.0,-1.2,1.0,0,0,0,0.0,3
2026-04-25T13:45:27.312001,15,mock,1,13.0,-1.2,1.0,0,0,0,0.0,3
2026-04-25T13:45:33.238769,16,mock,1,13.0,-1.2,1.0,0,0,0,0.0,3
2026-04-25T13:45:39.258122,17,mock,1,13.0,-1.2,1.0,0,0,0,0.0,3
2026-04-25T13:45:45.220939,18,mock,1,13.0,-1.2,1.0,0,0,0,0.0,3
2026-04-25T13:45:51.113034,19,mock,1,13.0,-1.2,1.0,0,0,0,0.0,3
2026-04-25T13:45:57.312285,20,mock,1,13.0,-1.2,1.0,0,0,0,0.0,3
2026-04-25T14:15:21.812930,1,heuristic,1,13.0,-1.2,1.0,0,0,0,0.0,3
2026-04-25T14:15:28.429608,2,heuristic,1,13.0,-1.2,1.0,0,0,0,0.0,3
2026-04-25T14:15:34.606128,3,heuristic,1,13.0,-1.2,1.0,0,0,0,0.0,3
2026-04-25T14:15:41.064541,4,heuristic,4,1.25,11.0833,0.4,9,0,0,0.3667,3
2026-04-25T14:15:48.941824,5,heuristic,4,2.75,45.2667,0.6,6,0,0,0.6667,3
2026-04-25T14:15:57.016191,6,heuristic,4,-1.0,34.5167,0.4,9,0,0,0.6333,3
2026-04-25T14:16:05.794990,7,heuristic,4,13.0,-11.1,1.0,0,0,0,0.0,3
2026-04-25T14:16:13.661122,8,heuristic,4,13.0,-11.1,1.0,0,0,0,0.0,3
2026-04-25T14:16:21.279925,9,heuristic,4,13.0,-11.1,1.0,0,0,0,0.0,3
2026-04-25T14:16:29.462064,10,heuristic,4,13.0,-11.1,1.0,0,0,0,0.0,3
2026-04-25T14:16:37.132375,11,heuristic,4,13.0,-11.1,1.0,0,0,0,0.0,3
2026-04-25T14:16:45.334591,12,heuristic,4,13.0,-11.1,1.0,0,0,0,0.0,3
2026-04-25T14:16:53.403929,13,heuristic,4,13.0,-11.1,1.0,0,0,0,0.0,3
2026-04-25T14:17:01.229767,14,heuristic,4,13.0,-11.1,1.0,0,0,0,0.0,3
2026-04-25T14:17:10.667907,15,heuristic,4,13.0,-11.1,1.0,0,0,0,0.0,3
2026-04-25T14:17:19.656335,16,heuristic,4,13.0,-11.1,1.0,0,0,0,0.0,3
2026-04-25T14:17:27.392127,17,heuristic,4,13.0,-11.1,1.0,0,0,0,0.0,3
2026-04-25T14:17:36.359994,18,heuristic,4,13.0,-11.1,1.0,0,0,0,0.0,3
2026-04-25T14:17:44.907881,19,heuristic,4,13.0,-11.1,1.0,0,0,0,0.0,3
2026-04-25T14:17:53.667328,20,heuristic,4,13.0,-11.1,1.0,0,0,0,0.0,3
2026-04-25T14:18:03.798039,1,mock,1,13.0,-1.2,1.0,0,0,0,0.0,3
2026-04-25T14:24:13.609944,1,heuristic,1,13.0,-1.2,1.0,0,0,0,0.0,3
2026-04-25T14:24:15.061982,2,heuristic,1,13.0,-1.2,1.0,0,0,0,0.0,3
2026-04-25T14:24:16.481833,3,heuristic,1,13.0,-1.2,1.0,0,0,0,0.0,3
2026-04-25T14:24:17.904975,4,heuristic,4,2.75,9.4333,0.6,6,0,0,0.3333,3
2026-04-25T14:24:19.365982,5,heuristic,4,-1.0,14.6833,0.4,9,0,0,0.3667,3
2026-04-25T14:24:20.783118,6,heuristic,4,-1.0,20.0667,0.4,9,0,0,0.4333,3
2026-04-25T14:24:22.199815,7,heuristic,4,13.0,-11.1,1.0,0,0,0,0.0,3
2026-04-25T14:24:23.768152,8,heuristic,4,13.0,-11.1,1.0,0,0,0,0.0,3
2026-04-25T14:24:25.228083,9,heuristic,4,13.0,-11.1,1.0,0,0,0,0.0,3
2026-04-25T14:24:26.726446,10,heuristic,4,13.0,-11.1,1.0,0,0,0,0.0,3
2026-04-25T14:24:28.209310,11,heuristic,4,13.0,-11.1,1.0,0,0,0,0.0,3
2026-04-25T14:24:29.652887,12,heuristic,4,13.0,-11.1,1.0,0,0,0,0.0,3
2026-04-25T14:24:31.232873,13,heuristic,4,13.0,-11.1,1.0,0,0,0,0.0,3
2026-04-25T14:24:32.935745,14,heuristic,4,13.0,-11.1,1.0,0,0,0,0.0,3
2026-04-25T14:24:34.486717,15,heuristic,4,13.0,-11.1,1.0,0,0,0,0.0,3
2026-04-25T14:24:36.965091,16,heuristic,4,13.0,-11.1,1.0,0,0,0,0.0,3
2026-04-25T14:24:38.640682,17,heuristic,4,13.0,-11.1,1.0,0,0,0,0.0,3
2026-04-25T14:24:40.386587,18,heuristic,4,13.0,-11.1,1.0,0,0,0,0.0,3
2026-04-25T14:24:41.984303,19,heuristic,4,13.0,-11.1,1.0,0,0,0,0.0,3
2026-04-25T14:24:43.659772,20,heuristic,4,13.0,-11.1,1.0,0,0,0,0.0,3
2026-04-25T14:24:47.373455,1,mock,1,13.0,-1.2,1.0,0,0,0,0.0,3
2026-04-25T14:24:48.812196,2,mock,1,13.0,-1.2,1.0,0,0,0,0.0,3
2026-04-25T14:24:50.825145,3,mock,1,13.0,-1.2,1.0,0,0,0,0.0,3
2026-04-25T14:24:52.313087,4,mock,1,13.0,-1.2,1.0,0,0,0,0.0,3
2026-04-25T14:24:54.106911,5,mock,1,13.0,-1.2,1.0,0,0,0,0.0,3
2026-04-25T14:24:55.578865,6,mock,1,13.0,-1.2,1.0,0,0,0,0.0,3
2026-04-25T14:24:56.910098,7,mock,1,13.0,-1.2,1.0,0,0,0,0.0,3
2026-04-25T14:24:58.605242,8,mock,1,13.0,-1.2,1.0,0,0,0,0.0,3
2026-04-25T14:25:00.049867,9,mock,1,13.0,-1.2,1.0,0,0,0,0.0,3
2026-04-25T14:25:25.967443,1,heuristic,1,13.0,-1.2,1.0,0,0,0,0.0,3
2026-04-25T14:25:27.426873,2,heuristic,1,13.0,-1.2,1.0,0,0,0,0.0,3
2026-04-25T14:25:43.246376,1,heuristic,1,13.0,-1.2,1.0,0,0,0,0.0,3
2026-04-25T14:25:44.851541,2,heuristic,1,13.0,-1.2,1.0,0,0,0,0.0,3
2026-04-25T14:25:47.364040,1,mock,1,13.0,-1.2,1.0,0,0,0,0.0,3
2026-04-25T14:25:48.743182,2,mock,1,13.0,-1.2,1.0,0,0,0,0.0,3
2026-04-25T14:35:30.123560,1,heuristic,1,13.0,-1.2,1.0,0,0,0,0.0,3
2026-04-25T14:35:31.569848,2,heuristic,1,13.0,-1.2,1.0,0,0,0,0.0,3
2026-04-25T14:35:32.966558,3,heuristic,1,13.0,-1.2,1.0,0,0,0,0.0,3
2026-04-25T14:35:34.362544,4,heuristic,4,-1.0,5.1333,0.4,9,0,0,0.2667,3
2026-04-25T14:35:35.860844,5,heuristic,4,-1.0,20.6333,0.4,9,0,0,0.4667,3
2026-04-25T14:35:37.256196,6,heuristic,4,-1.0,22.05,0.4,9,0,0,0.4,3
2026-04-25T14:35:38.652726,7,heuristic,4,13.0,-11.1,1.0,0,0,0,0.0,3
2026-04-25T14:35:40.060020,8,heuristic,4,13.0,-11.1,1.0,0,0,0,0.0,3
2026-04-25T14:35:41.636984,9,heuristic,4,13.0,-11.1,1.0,0,0,0,0.0,3
2026-04-25T14:35:43.189499,10,heuristic,4,13.0,-11.1,1.0,0,0,0,0.0,3
2026-04-25T14:35:44.568439,11,heuristic,4,13.0,-11.1,1.0,0,0,0,0.0,3
2026-04-25T14:35:45.948191,12,heuristic,4,13.0,-11.1,1.0,0,0,0,0.0,3
2026-04-25T14:35:47.354479,13,heuristic,4,13.0,-11.1,1.0,0,0,0,0.0,3
2026-04-25T14:35:48.757358,14,heuristic,4,13.0,-11.1,1.0,0,0,0,0.0,3
2026-04-25T14:35:50.159885,15,heuristic,4,13.0,-11.1,1.0,0,0,0,0.0,3
2026-04-25T14:35:51.568157,16,heuristic,4,13.0,-11.1,1.0,0,0,0,0.0,3
2026-04-25T14:35:53.081373,17,heuristic,4,13.0,-11.1,1.0,0,0,0,0.0,3
2026-04-25T14:35:54.553583,18,heuristic,4,13.0,-11.1,1.0,0,0,0,0.0,3
2026-04-25T14:35:55.958412,19,heuristic,4,13.0,-11.1,1.0,0,0,0,0.0,3
2026-04-25T14:35:57.376929,20,heuristic,4,13.0,-11.1,1.0,0,0,0,0.0,3
2026-04-25T14:36:00.106152,1,mock,1,13.0,-1.2,1.0,0,0,0,0.0,3
2026-04-25T14:36:01.490771,2,mock,1,13.0,-1.2,1.0,0,0,0,0.0,3
2026-04-25T14:36:02.860066,3,mock,1,13.0,-1.2,1.0,0,0,0,0.0,3
2026-04-25T14:36:04.236611,4,mock,1,13.0,-1.2,1.0,0,0,0,0.0,3
2026-04-25T14:36:05.614535,5,mock,1,13.0,-1.2,1.0,0,0,0,0.0,3
2026-04-25T14:36:06.997198,6,mock,1,13.0,-1.2,1.0,0,0,0,0.0,3
2026-04-25T14:36:08.369156,7,mock,1,13.0,-1.2,1.0,0,0,0,0.0,3
2026-04-25T14:36:09.749440,8,mock,1,13.0,-1.2,1.0,0,0,0,0.0,3
2026-04-25T14:36:11.084599,9,mock,1,13.0,-1.2,1.0,0,0,0,0.0,3
2026-04-25T14:36:12.597418,10,mock,1,13.0,-1.2,1.0,0,0,0,0.0,3
2026-04-25T14:36:13.967250,11,mock,1,13.0,-1.2,1.0,0,0,0,0.0,3
2026-04-25T14:36:15.326315,12,mock,1,13.0,-1.2,1.0,0,0,0,0.0,3
2026-04-25T14:36:16.692617,13,mock,1,13.0,-1.2,1.0,0,0,0,0.0,3
2026-04-25T14:36:18.056948,14,mock,1,13.0,-1.2,1.0,0,0,0,0.0,3
2026-04-25T14:36:19.481668,15,mock,1,13.0,-1.2,1.0,0,0,0,0.0,3
2026-04-25T14:36:20.852176,16,mock,1,13.0,-1.2,1.0,0,0,0,0.0,3
2026-04-25T14:36:22.240286,17,mock,1,13.0,-1.2,1.0,0,0,0,0.0,3
2026-04-25T14:36:23.622783,18,mock,1,13.0,-1.2,1.0,0,0,0,0.0,3
2026-04-25T14:36:25.043522,19,mock,1,13.0,-1.2,1.0,0,0,0,0.0,3
2026-04-25T14:36:26.391918,20,mock,1,13.0,-1.2,1.0,0,0,0,0.0,3
2026-04-25T15:15:52.868512,1,heuristic,2,13.0,-2.0,1.0,0,0,0,0.0,3
2026-04-25T15:15:54.565363,2,heuristic,3,13.0,-4.7,1.0,0,0,0,0.0,3
2026-04-25T15:15:56.053221,3,heuristic,4,13.0,-8.3,1.0,0,0,0,0.0,3
2026-04-25T15:15:57.565028,4,heuristic,4,-1.0,19.2167,0.4,9,0,0,0.4333,3
2026-04-25T15:15:59.022845,5,heuristic,4,-1.0,18.9333,0.4,9,0,0,0.4667,3
2026-04-25T15:16:00.525963,6,heuristic,4,-1.0,20.9167,0.4,9,0,0,0.4333,3
2026-04-25T15:16:02.170961,7,heuristic,4,13.0,-11.1,1.0,0,0,0,0.0,3
2026-04-25T15:16:04.150309,8,heuristic,4,13.0,-11.1,1.0,0,0,0,0.0,3
2026-04-25T15:16:05.740183,9,heuristic,4,13.0,-11.1,1.0,0,0,0,0.0,3
2026-04-25T15:16:38.217823,1,heuristic,2,13.0,-2.0,1.0,0,0,0,0.0,3
2026-04-25T15:16:39.814327,2,heuristic,3,13.0,-4.7,1.0,0,0,0,0.0,3
2026-04-25T15:16:41.375936,3,heuristic,4,13.0,-8.3,1.0,0,0,0,0.0,3
2026-04-25T15:16:42.823166,4,heuristic,4,-1.0,16.1,0.4,9,0,0,0.4,3
2026-04-25T15:16:44.334998,5,heuristic,4,-1.0,27.7167,0.4,9,0,0,0.5333,3
2026-04-25T15:16:45.773953,6,heuristic,4,-1.0,19.5,0.4,9,0,0,0.4,3
2026-04-25T15:16:47.279789,7,heuristic,4,13.0,-11.1,1.0,0,0,0,0.0,3
2026-04-25T15:16:48.700246,8,heuristic,4,13.0,-11.1,1.0,0,0,0,0.0,3
2026-04-25T15:16:50.137811,9,heuristic,4,13.0,-11.1,1.0,0,0,0,0.0,3
2026-04-25T15:16:51.592913,10,heuristic,4,13.0,-11.1,1.0,0,0,0,0.0,3
2026-04-25T15:16:53.023411,11,heuristic,4,13.0,-11.1,1.0,0,0,0,0.0,3
2026-04-25T15:16:54.464201,12,heuristic,4,13.0,-11.1,1.0,0,0,0,0.0,3
2026-04-25T15:16:55.897728,13,heuristic,4,13.0,-11.1,1.0,0,0,0,0.0,3
2026-04-25T15:16:57.346087,14,heuristic,4,13.0,-11.1,1.0,0,0,0,0.0,3
2026-04-25T15:16:58.782258,15,heuristic,4,13.0,-11.1,1.0,0,0,0,0.0,3
2026-04-25T15:17:00.230527,16,heuristic,4,13.0,-11.1,1.0,0,0,0,0.0,3
2026-04-25T15:17:01.673063,17,heuristic,4,13.0,-11.1,1.0,0,0,0,0.0,3
2026-04-25T15:17:03.129918,18,heuristic,4,13.0,-11.1,1.0,0,0,0,0.0,3
2026-04-25T15:17:04.571157,19,heuristic,4,13.0,-11.1,1.0,0,0,0,0.0,3
2026-04-25T15:17:06.027928,20,heuristic,4,13.0,-11.1,1.0,0,0,0,0.0,3
2026-04-25T15:17:08.872828,1,mock,2,13.0,-2.0,1.0,0,0,0,0.0,3
2026-04-25T15:17:10.320294,2,mock,3,13.0,-4.7,1.0,0,0,0,0.0,3
2026-04-25T15:17:11.791553,3,mock,4,13.0,-8.3,1.0,0,0,0,0.0,3
2026-04-25T15:17:13.217927,4,mock,4,13.0,-11.1,1.0,0,0,0,0.0,3
2026-04-25T15:17:14.671061,5,mock,4,13.0,-11.1,1.0,0,0,0,0.0,3
2026-04-25T15:17:16.129550,6,mock,4,13.0,-11.1,1.0,0,0,0,0.0,3
2026-04-25T15:17:17.561073,7,mock,4,13.0,-11.1,1.0,0,0,0,0.0,3
2026-04-25T15:17:18.987400,8,mock,4,13.0,-11.1,1.0,0,0,0,0.0,3
2026-04-25T15:17:20.417947,9,mock,4,13.0,-11.1,1.0,0,0,0,0.0,3
2026-04-25T15:17:21.853312,10,mock,4,13.0,-11.1,1.0,0,0,0,0.0,3
2026-04-25T15:17:23.360333,11,mock,4,13.0,-11.1,1.0,0,0,0,0.0,3
2026-04-25T15:17:24.795303,12,mock,4,13.0,-11.1,1.0,0,0,0,0.0,3
2026-04-25T15:17:26.254008,13,mock,4,13.0,-11.1,1.0,0,0,0,0.0,3
2026-04-25T15:17:27.847089,14,mock,4,13.0,-11.1,1.0,0,0,0,0.0,3
2026-04-25T15:17:29.306100,15,mock,4,13.0,-11.1,1.0,0,0,0,0.0,3
2026-04-25T15:17:30.847048,16,mock,4,13.0,-11.1,1.0,0,0,0,0.0,3
2026-04-25T15:17:32.261606,17,mock,4,13.0,-11.1,1.0,0,0,0,0.0,3
2026-04-25T15:17:33.692190,18,mock,4,13.0,-11.1,1.0,0,0,0,0.0,3
2026-04-25T15:17:35.112901,19,mock,4,13.0,-11.1,1.0,0,0,0,0.0,3
2026-04-25T15:17:36.664885,20,mock,4,13.0,-11.1,1.0,0,0,0,0.0,3
2026-04-25T18:46:24.512602,1,heuristic,2,13.0,-2.0,1.0,0,0,0,0.0,3
2026-04-25T18:46:28.096573,2,heuristic,3,13.0,-4.7,1.0,0,0,0,0.0,3
2026-04-25T18:46:32.258364,3,heuristic,4,13.0,-8.3,1.0,0,0,0,0.0,3
2026-04-25T18:46:35.992013,4,heuristic,4,-1.0,19.2167,0.4,9,0,0,0.4333,3
2026-04-25T18:46:40.159264,5,heuristic,4,-1.0,26.0167,0.4,9,0,0,0.4333,3
2026-04-25T18:46:49.133669,1,mock,2,13.0,-2.0,1.0,0,0,0,0.0,3
2026-04-25T18:46:53.361364,2,mock,3,13.0,-4.7,1.0,0,0,0,0.0,3
2026-04-25T18:46:57.854710,3,mock,4,13.0,-8.3,1.0,0,0,0,0.0,3
2026-04-25T18:47:01.804201,4,mock,4,13.0,-11.1,1.0,0,0,0,0.0,3
2026-04-25T18:47:05.172391,5,mock,4,13.0,-11.1,1.0,0,0,0,0.0,3
2026-04-26T01:16:16.039621,1,heuristic,2,13.0,-2.0,1.0,0,0,0,0.0,3
2026-04-26T01:35:40.040586,1,api,2,13.0,-2.0,1.0,0,0,0,0.0,3
2026-04-26T01:35:41.978983,2,api,3,13.0,-4.7,1.0,0,0,0,0.0,3
2026-04-26T01:35:43.851655,3,api,4,13.0,-8.3,1.0,0,0,0,0.0,3
2026-04-26T01:35:45.933913,4,api,4,13.0,-11.1,1.0,0,0,0,0.0,3
2026-04-26T01:35:47.830203,5,api,4,13.0,-11.1,1.0,0,0,0,0.0,3
2026-04-26T01:35:49.949475,6,api,4,13.0,-11.1,1.0,0,0,0,0.0,3
2026-04-26T01:35:52.620504,7,api,4,13.0,-11.1,1.0,0,0,0,0.0,3
2026-04-26T01:35:54.318407,8,api,4,13.0,-11.1,1.0,0,0,0,0.0,3
2026-04-26T01:35:56.079431,9,api,4,13.0,-11.1,1.0,0,0,0,0.0,3
2026-04-26T01:35:58.121200,10,api,4,13.0,-11.1,1.0,0,0,0,0.0,3
2026-04-26T01:36:00.125634,11,api,4,13.0,-11.1,1.0,0,0,0,0.0,3
2026-04-26T01:36:02.119748,12,api,4,13.0,-11.1,1.0,0,0,0,0.0,3
2026-04-26T01:36:03.753079,13,api,4,13.0,-11.1,1.0,0,0,0,0.0,3
2026-04-26T01:36:05.246540,14,api,4,13.0,-11.1,1.0,0,0,0,0.0,3
2026-04-26T01:36:06.733276,15,api,4,13.0,-11.1,1.0,0,0,0,0.0,3
2026-04-26T01:36:08.242720,16,api,4,13.0,-11.1,1.0,0,0,0,0.0,3
2026-04-26T01:36:09.979400,17,api,4,13.0,-11.1,1.0,0,0,0,0.0,3
2026-04-26T01:36:11.456402,18,api,4,13.0,-11.1,1.0,0,0,0,0.0,3
2026-04-26T01:36:12.934837,19,api,4,13.0,-11.1,1.0,0,0,0,0.0,3
2026-04-26T01:36:14.420748,20,api,4,13.0,-11.1,1.0,0,0,0,0.0,3
2026-04-26T06:59:09.734132,1,heuristic,2,13.0,-2.0,1.0,0,0,0,0.0,3
2026-04-26T06:59:11.751132,2,heuristic,3,13.0,-4.7,1.0,0,0,0,0.0,3
2026-04-26T06:59:13.645386,3,heuristic,4,13.0,-8.3,1.0,0,0,0,0.0,3
2026-04-26T06:59:15.485734,4,heuristic,4,-1.0,20.0667,0.4,9,0,0,0.4333,3
2026-04-26T06:59:17.338994,5,heuristic,4,-1.0,24.0333,0.4,9,0,0,0.4667,3
2026-04-26T06:59:19.201230,6,heuristic,4,2.75,40.8333,0.6,6,0,0,0.6333,3
2026-04-26T06:59:21.331872,7,heuristic,4,13.0,-11.1,1.0,0,0,0,0.0,3
2026-04-26T06:59:23.189950,8,heuristic,4,13.0,-11.1,1.0,0,0,0,0.0,3
2026-04-26T06:59:25.044983,9,heuristic,4,13.0,-11.1,1.0,0,0,0,0.0,3
2026-04-26T06:59:27.048241,10,heuristic,4,13.0,-11.1,1.0,0,0,0,0.0,3
2026-04-26T06:59:28.897789,11,heuristic,4,13.0,-11.1,1.0,0,0,0,0.0,3
2026-04-26T06:59:30.753585,12,heuristic,4,13.0,-11.1,1.0,0,0,0,0.0,3
2026-04-26T06:59:32.583507,13,heuristic,4,13.0,-11.1,1.0,0,0,0,0.0,3
2026-04-26T06:59:34.425462,14,heuristic,4,13.0,-11.1,1.0,0,0,0,0.0,3
2026-04-26T06:59:36.304873,15,heuristic,4,13.0,-11.1,1.0,0,0,0,0.0,3
2026-04-26T06:59:38.138782,16,heuristic,4,13.0,-11.1,1.0,0,0,0,0.0,3
2026-04-26T06:59:40.528917,17,heuristic,4,13.0,-11.1,1.0,0,0,0,0.0,3
2026-04-26T06:59:42.517694,18,heuristic,4,13.0,-11.1,1.0,0,0,0,0.0,3
2026-04-26T06:59:44.356303,19,heuristic,4,13.0,-11.1,1.0,0,0,0,0.0,3
2026-04-26T06:59:46.202337,20,heuristic,4,13.0,-11.1,1.0,0,0,0,0.0,3
2026-04-26T07:00:57.306880,1,model,2,13.0,-2.0,1.0,0,0,0,0.0,3
2026-04-26T07:01:01.463218,2,model,3,13.0,-4.7,1.0,0,0,0,0.0,3
2026-04-26T07:01:04.662994,3,model,4,13.0,-8.3,1.0,0,0,0,0.0,3
2026-04-26T07:01:07.847786,4,model,4,13.0,-11.1,1.0,0,0,0,0.0,3
2026-04-26T07:01:10.853728,5,model,4,13.0,-11.1,1.0,0,0,0,0.0,3
2026-04-26T07:01:15.966183,6,model,4,13.0,-11.1,1.0,0,0,0,0.0,3
2026-04-26T07:01:19.322587,7,model,4,13.0,-11.1,1.0,0,0,0,0.0,3
2026-04-26T07:01:22.442661,8,model,4,13.0,-11.1,1.0,0,0,0,0.0,3
2026-04-26T07:01:25.824036,9,model,4,13.0,-11.1,1.0,0,0,0,0.0,3
2026-04-26T07:01:28.253474,10,model,4,13.0,-11.1,1.0,0,0,0,0.0,3
2026-04-26T07:01:30.710605,11,model,4,13.0,-11.1,1.0,0,0,0,0.0,3
2026-04-26T07:01:33.052223,12,model,4,13.0,-11.1,1.0,0,0,0,0.0,3
2026-04-26T07:01:37.433139,13,model,4,13.0,-11.1,1.0,0,0,0,0.0,3
2026-04-26T07:01:40.044917,14,model,4,13.0,-11.1,1.0,0,0,0,0.0,3
2026-04-26T07:01:43.004033,15,model,4,13.0,-11.1,1.0,0,0,0,0.0,3
2026-04-26T07:01:45.950109,16,model,4,13.0,-11.1,1.0,0,0,0,0.0,3
2026-04-26T07:01:48.723420,17,model,4,13.0,-11.1,1.0,0,0,0,0.0,3
2026-04-26T07:01:50.999042,18,model,4,13.0,-11.1,1.0,0,0,0,0.0,3
2026-04-26T07:01:53.245958,19,model,4,13.0,-11.1,1.0,0,0,0,0.0,3
2026-04-26T07:01:55.529207,20,model,4,13.0,-11.1,1.0,0,0,0,0.0,3
2026-04-26T07:17:39.463341,1,heuristic,2,13.0,-2.0,1.0,0,0,0,0.0,3
2026-04-26T07:17:42.833478,2,heuristic,3,13.0,-4.7,1.0,0,0,0,0.0,3
2026-04-26T07:17:47.115507,3,heuristic,4,13.0,-8.3,1.0,0,0,0,0.0,3
2026-04-26T07:17:50.699736,4,heuristic,4,-1.0,20.35,0.4,9,0,0,0.4,3
2026-04-26T07:17:53.513719,5,heuristic,4,2.75,35.1333,0.6,6,0,0,0.5333,3
2026-04-26T07:17:56.984549,6,heuristic,4,-1.0,16.3833,0.4,9,0,0,0.3667,3
2026-04-26T07:18:02.086790,7,heuristic,4,13.0,-11.1,1.0,0,0,0,0.0,3
2026-04-26T07:18:08.595550,8,heuristic,4,13.0,-11.1,1.0,0,0,0,0.0,3
2026-04-26T07:18:12.217424,9,heuristic,4,13.0,-11.1,1.0,0,0,0,0.0,3
2026-04-26T07:18:15.080466,10,heuristic,4,13.0,-11.1,1.0,0,0,0,0.0,3
2026-04-26T07:18:17.779514,11,heuristic,4,13.0,-11.1,1.0,0,0,0,0.0,3
2026-04-26T07:18:20.386538,12,heuristic,4,13.0,-11.1,1.0,0,0,0,0.0,3
2026-04-26T07:18:23.308994,13,heuristic,4,13.0,-11.1,1.0,0,0,0,0.0,3
2026-04-26T07:18:26.154528,14,heuristic,4,13.0,-11.1,1.0,0,0,0,0.0,3
2026-04-26T07:18:29.010052,15,heuristic,4,13.0,-11.1,1.0,0,0,0,0.0,3
2026-04-26T07:18:32.274399,16,heuristic,4,13.0,-11.1,1.0,0,0,0,0.0,3
2026-04-26T07:18:34.957283,17,heuristic,4,13.0,-11.1,1.0,0,0,0,0.0,3
2026-04-26T07:18:37.773269,18,heuristic,4,13.0,-11.1,1.0,0,0,0,0.0,3
2026-04-26T07:18:40.684930,19,heuristic,4,13.0,-11.1,1.0,0,0,0,0.0,3
2026-04-26T07:18:43.610493,20,heuristic,4,13.0,-11.1,1.0,0,0,0,0.0,3
